,Номер,Фамилия Имя,Год рождения,Пол,Вес (кг),Рост (см),Профиль,Уровень,Душевой доход семьи
0,1,Рид Саша,1988,ж,66,168,Хирургия,Пенсионеры,32205.65096745973
2,3,Рид Нико,1998,ж,66,163,Терапия,Работающие,22368.36365073961
4,5,Купер Никуша,1983,ж,47,166,Терапия,Работающие,8526.646529899783
5,6,Рид Мирик,1985,ж,58,161,Стоматология,Работающие,25101.91251523691
6,7,Скотт Еник,1987,м,71,169,Терапия,Работающие,21796.63859818765
7,8,Рой Валя,1991,ж,74,163,Терапия,Пенсионеры,14697.74951288186
8,9,Скотт Еник,1996,ж,57,162,Терапия,Работающие,24388.00684218231
9,10,Купер Валера,1986,ж,62,164,Эндокринология,Учащиеся,30482.06786841694
10,11,Блэр Женя,1997,м,87,173,Офтальмология,Пенсионеры,32335.13105718148
13,14,Янг Валя,1998,м,62,179,Терапия,Работающие,23427.75630839672
16,17,Рид Мирик,1983,ж,49,155,Офтальмология,Учащиеся,15959.43005962669
18,19,Рой Валя,1987,м,65,154,Терапия,Работающие,3629.441967446495
19,20,Рой Еник,1999,ж,52,162,Терапия,Пенсионеры,32732.52935008705
21,22,Бувви Валя,1998,м,84,178,Эндокринология,Работающие,30681.05145930548
23,24,Бувви Еник,1983,м,88,177,Офтальмология,Работающие,33272.27090171246
24,25,Купер Никуша,1985,ж,72,162,Эндокринология,Работающие,48950.37283051994
27,28,Янг Валера,1984,ж,56,166,Эндокринология,Работающие,38751.48004707028
31,32,Бувви Никуша,1998,м,62,176,Хирургия,Работающие,44145.43017914413
