,Номер,Фамилия Имя,Год рождения,Пол,Вес (кг),Рост (см),Профиль,Уровень,Душевой доход семьи
19,20,Рой Еник,1999,ж,52,162,Терапия,Пенсионеры,32732.52935008705
31,32,Бувви Никуша,1998,м,62,176,Хирургия,Работающие,44145.43017914413
2,3,Рид Нико,1998,ж,66,163,Терапия,Работающие,22368.36365073961
21,22,Бувви Валя,1998,м,84,178,Эндокринология,Работающие,30681.05145930548
13,14,Янг Валя,1998,м,62,179,Терапия,Работающие,23427.75630839672
10,11,Блэр Женя,1997,м,87,173,Офтальмология,Пенсионеры,32335.13105718148
8,9,Скотт Еник,1996,ж,57,162,Терапия,Работающие,24388.00684218231
7,8,Рой Валя,1991,ж,74,163,Терапия,Пенсионеры,14697.74951288186
0,1,Рид Саша,1988,ж,66,168,Хирургия,Пенсионеры,32205.65096745973
18,19,Рой Валя,1987,м,65,154,Терапия,Работающие,3629.441967446495
6,7,Скотт Еник,1987,м,71,169,Терапия,Работающие,21796.63859818765
9,10,Купер Валера,1986,ж,62,164,Эндокринология,Учащиеся,30482.06786841694
24,25,Купер Никуша,1985,ж,72,162,Эндокринология,Работающие,48950.37283051994
5,6,Рид Мирик,1985,ж,58,161,Стоматология,Работающие,25101.91251523691
27,28,Янг Валера,1984,ж,56,166,Эндокринология,Работающие,38751.48004707028
23,24,Бувви Еник,1983,м,88,177,Офтальмология,Работающие,33272.27090171246
4,5,Купер Никуша,1983,ж,47,166,Терапия,Работающие,8526.646529899783
16,17,Рид Мирик,1983,ж,49,155,Офтальмология,Учащиеся,15959.43005962669
20,21,Скотт Еник,1979,ж,64,156,Офтальмология,Работающие,43843.89974298177
14,15,Купер Нико,1978,м,59,172,Терапия,Пенсионеры,37013.84816561361
26,27,Блэр Саша,1977,м,76,180,Эндокринология,Пенсионеры,35776.64327696087
25,26,Блэр Мирик,1971,м,75,169,Терапия,Работающие,31128.23738860049
15,16,Рид Валя,1969,м,66,165,Эндокринология,Учащиеся,15359.58859174481
30,31,Рид Еник,1969,м,92,167,Эндокринология,Пенсионеры,30633.25238001839
1,2,Рид Мирик,1968,ж,48,159,Терапия,Пенсионеры,18888.84286541422
22,23,Трамп Нико,1968,ж,50,165,Терапия,Работающие,31928.15729959238
29,30,Скотт Нико,1968,м,71,183,Терапия,Пенсионеры,9874.120600829006
28,29,Янг Мирик,1967,м,62,184,Терапия,Работающие,26004.15758590478
12,13,Бувви Мирик,1966,ж,62,161,Стоматология,Работающие,12280.81733219963
17,18,Бувви Женя,1964,ж,69,152,Стоматология,Учащиеся,7319.791919106145
3,4,Бувви Валера,1964,ж,67,157,Терапия,Работающие,20806.24400024686
11,12,Янг Никуша,1963,ж,66,161,Терапия,Работающие,12215.06583396805
